{
  "bottom_left": {
    "metadata": {
      "frame": "",
      "length_unit": "METERS",
      "version": 1
    },
    "pitch": 0.9113717400323873,
    "roll": -0.10483400293581863,
    "x": 0.30376868931534506,
    "y": 0.21895716105028606,
    "yaw": 0.63254775309326,
    "z": 0.09230688739605686
  },
  "bottom_right": {
    "metadata": {
      "frame": "",
      "length_unit": "METERS",
      "version": 1
    },
    "pitch": 1.1353089721005856,
    "roll": -0.10705757151632812,
    "x": 0.14691296027504025,
    "y": 0.23093057254052982,
    "yaw": 1.0143910405928296,
    "z": 0.1102274152103674
  },
  "bowl_bottom_1": {
    "metadata": {
      "frame": "",
      "length_unit": "METERS",
      "version": 1
    },
    "pitch": 1.2673988304115869,
    "roll": -0.07073066321234739,
    "x": 0.06827191116771093,
    "y": 0.18808316425939656,
    "yaw": 1.2319851018903014,
    "z": 0.11744493830764485
  },
  "bowl_bottom_2": {
    "metadata": {
      "frame": "",
      "length_unit": "METERS",
      "version": 1
    },
    "pitch": 1.2098310623209798,
    "roll": -0.07203331317478512,
    "x": 0.07884898985859437,
    "y": 0.216399548105685,
    "yaw": 1.2301230514079786,
    "z": 0.11551903106888892
  },
  "bowl_top": {
    "metadata": {
      "frame": "",
      "length_unit": "METERS",
      "version": 1
    },
    "pitch": 1.084238892919652,
    "roll": -0.07757274879143955,
    "x": 0.07608696457028727,
    "y": 0.21111644061590978,
    "yaw": 1.2282629883730127,
    "z": 0.15181836948100025
  },
  "top_left": {
    "metadata": {
      "frame": "",
      "length_unit": "METERS",
      "version": 1
    },
    "pitch": 1.0853576816857708,
    "roll": -0.10641419677479814,
    "x": 0.3138858906131099,
    "y": -0.03203429650672987,
    "yaw": -0.10245850221135801,
    "z": 0.10624169025203466
  },
  "top_right": {
    "metadata": {
      "frame": "",
      "length_unit": "METERS",
      "version": 1
    },
    "pitch": 1.3874034194280844,
    "roll": -0.10832651219296925,
    "x": 0.16223081413782978,
    "y": -0.02227017572433213,
    "yaw": -0.13556122387321015,
    "z": 0.11481913950586532
  }
}